id,type,contents
1,1,"株式会社xxxxxxxxxxでは、<br />個人情報を下記の通り取扱いさせていただくものとし ます。<br /><br />【１】収集目的<br />・資料請求、お問い合わせを頂いた方への資料送付、返答<br />・ご注文頂いた商品、サービスの提供&nbsp;<br />・ご注文頂いた商品、サービスのサポート&nbsp;<br />・商品、サービスのご契約、ご請求、お支払い確認&nbsp;<br />・商品、サービスの利用に関する調査、アンケート等のお願い、およびその後の連絡&nbsp;<br />・ご注文頂いた方からのお問い合わせ、またはご依頼などへの対応&nbsp;<br /><br />【２】個人情報の提供<br />ご提供頂いた個人情報を、第三者へ提供することはいたしません。<br /><br />【３】個人情報の預託<br />ご提供頂いた個人情報を、外部へ預託することはいたしません。<br /><br />【４】個人情報提供の任意性と不足の場合の結果<br />ご提供頂く個人情報の項目については任意性を尊重いたしますが、それに不足部分がある場合は、適切なサービスができないことがあります。<br /><br />【５】開示、訂正、削除の要求<br />個人情報の開示、訂正、削除要請には速やかに応じるものとしますが、コールバックなどの方法で本人確認をさせて頂きますので、ご了承ください。<br /><br />【６】問い合わせ、開示、訂正、削除の受け付け<br />個人情報収集目的に関してのお問い合わせ、開示、訂正、削除のご請求は下記受付窓口までお願いいたします。<br /><br />＜問合せ受付窓口＞<br />住所　入力<br />TEL　xx-xxxx-xxxx<br />xxxxxxxx@example.com<br />株式会社xxxxxxxxxx<br />管理 部：個人情報保護管理責任者（姓名　入力）<br /><br />制定：xxxx年xx月xx日<br />改定：xxxx年xx月xx日<br />株式会社xxxxxxxxxx<br />代表取締役　姓名　入力"
2,2,"当社は、Webシステム開発、システムおよびサーバのレンタルなど当社の事業展開において取り扱う取引先、<br />従業者など関係者すべての個人情報保護の重要性 を認識し、適切に取り 扱い、個人の権利を侵害しないことが重要であると考えます。<br />これを確実に実施するため、【個人情報保護方針】を定めるとともに、個人情報保護マネジメントシステムを策定し、<br />これを遵守し、個人情報を適切に取り扱い及び管理に努めることにより関係者の信頼を一層確かなものにすることを目指します。<br /><br />1. 会社の事業展開において、取引先、従業者など関係者の個人 情報を取得、利用及び提供を行う場合、<br />　取得目的、関係者に対する当社の窓口等を通知したうえで、必要な範囲の個人情報を取得、社内規定に照らし、適正に行います。&nbsp;<br />2. 関係 者よりお預かりさせていただいた個人情報を適切に管理し、不正アクセス、紛失、破壊、改ざん、<br />　漏洩、及び目的外利用などの予防に努めます。<br />　万が一不正アクセス、紛失、破壊、改ざん、漏洩などが発生した場合は是正に関する適切な処置を速やかに行います。<br />3. 個人情報 に関する法令及びその他の要求事項を遵守します。<br />4. 個人情報の保護のためのマネジメント システム(JIS Q 15001:2006準拠)を策定するとともに、内部監査による定期的な見直しを行い、<br />　また代表者による見直し結果を反映させ、適正な管理の維持、継続的な改善に努めます。<br />5. 個人情報に関する苦情、相談については迅速、適切に対応します。<br /><br />個人情報保護に 関してのお問い合わせは下記受付窓口までお願いいたします。<br />また、個人情報の開示、訂正、削除要請も同じ窓口で受け付けておりますが、コールバックなどの方法で本人確認をさせて頂きますので、<br />ご了承ください。<br /><br /><br />＜問合せ受付窓口＞<br />住所　入力<br />TEL 　xx-xxxx-xxxx<br />xxxxxxxx@example.com<br />株式会社xxxxxxxxxx<br />管理部：個人情報保護管理責任者（姓名　入力）<br /><br /><br />制定：xxxx年xx月xx日<br />改定：xxxx年xx月xx日<br />株式会社xxxxxxxxxx<br />代表取締役　姓名　入力"
3,3,"当社は、Webシステム開発、システムおよびサーバのレンタルなど当社の事業展開において取り扱う取引先、<br />従業者など関係者すべての個人情報保護の重要性 を認識し、適切に取り 扱い、個人の権利を侵害しないことが重要であると考えます。<br />これを確実に実施するため、【個人情報保護方針】を定めるとともに、個人情報保護マネジメントシステムを策定し、<br />これを遵守し、個人情報を適切に取り扱い及び管理に努めることにより関係者の信頼を一層確かなものにすることを目指します。<br /><br />1. 会社の事業展開において、取引先、従業者など関係者の個人 情報を取得、利用及び提供を行う場合、<br />　取得目的、関係者に対する当社の窓口等を通知したうえで、必要な範囲の個人情報を取得、社内規定に照らし、適正に行います。&nbsp;<br />2. 関係 者よりお預かりさせていただいた個人情報を適切に管理し、不正アクセス、紛失、破壊、改ざん、<br />　漏洩、及び目的外利用などの予防に努めます。<br />　万が一不正アクセス、紛失、破壊、改ざん、漏洩などが発生した場合は是正に関する適切な処置を速やかに行います。<br />3. 個人情報 に関する法令及びその他の要求事項を遵守します。<br />4. 個人情報の保護のためのマネジメント システム(JIS Q 15001:2006準拠)を策定するとともに、内部監査による定期的な見直しを行い、<br />　また代表者による見直し結果を反映させ、適正な管理の維持、継続的な改善に努めます。<br />5. 個人情報に関する苦情、相談については迅速、適切に対応します。<br /><br />個人情報保護に 関してのお問い合わせは下記受付窓口までお願いいたします。<br />また、個人情報の開示、訂正、削除要請も同じ窓口で受け付けておりますが、コールバックなどの方法で本人確認をさせて頂きますので、<br />ご了承ください。<br /><br /><br />＜問合せ受付窓口＞<br />住所　入力<br />TEL 　xx-xxxx-xxxx<br />xxxxxxxx@example.com<br />株式会社xxxxxxxxxx<br />管理部：個人情報保護管理責任者（姓名　入力）<br /><br /><br />制定：xxxx年xx月xx日<br />改定：xxxx年xx月xx日<br />株式会社xxxxxxxxxx<br />代表取締役　姓名　入力"
4,4,"<p>■予約確定後のキャンセルに関する事項</p>
<p>■支払方法、支払時期</p>
<p>※その他、特定商取引法に従い、必要事項を記載ください。</p>"
5,5,"<p>■予約確定後のキャンセルに関する事項</p>
<p>■支払方法、支払時期</p>
<p>※その他、特定商取引法に従い、必要事項を記載ください。</p>"
