type,category,function,code,translate_key,name,word,word_default,multiple_row_flg,admin_flg
2,0,0,1,ERROR_ILLEGAL_TRANSITION,ERROR_ILLEGAL_TRANSITION,不正な遷移です,不正な遷移です,0,0
2,0,0,2,ERROR_NOT_EMPTY,ERROR_NOT_EMPTY,入力してください,入力してください,0,0
2,0,0,3,ERROR_NOT_EMPTY_SELECT,ERROR_NOT_EMPTY_SELECT,選択してください,選択してください,0,0
2,0,0,4,ERROR_MIN_LENGTH,ERROR_MIN_LENGTH,{0}文字以上で入力してください,{0}文字以上で入力してください,0,0
2,0,0,5,ERROR_MAX_LENGTH,ERROR_MAX_LENGTH,{0}文字以下で入力してください,{0}文字以下で入力してください,0,0
2,0,0,6,ERROR_INVALID_VALUE,ERROR_INVALID_VALUE,エラーが発生しました。ご確認ください。,エラーが発生しました。ご確認ください。,0,0
2,0,0,7,ERROR_NOT_SAME,ERROR_NOT_SAME,値が一致しません。,値が一致しません。,0,0
2,0,0,8,ERROR_DUPLICATION,ERROR_DUPLICATION,値が重複しています。,値が重複しています。,0,0
2,0,0,9,ERROR_IN_LIST,ERROR_IN_LIST,不正な値が選択されました,不正な値が選択されました,0,0
2,0,0,10,ERROR_MAIL_ADDRESS,ERROR_MAIL_ADDRESS,メールアドレスの形式で入力してください,メールアドレスの形式で入力してください,0,0
2,0,0,11,ERROR_DATE,ERROR_DATE,日付の形式で入力してください,日付の形式で入力してください,0,0
2,0,0,12,ERROR_DATE_TIME,ERROR_DATE_TIME,日時の形式で入力してください,日時の形式で入力してください,0,0
2,0,0,13,ERROR_TIME,ERROR_TIME,時間の形式で入力してください,時間の形式で入力してください,0,0
2,0,0,14,ERROR_NUMBER,ERROR_NUMBER,0以上の半角数字で入力してください,0以上の半角数字で入力してください,0,0
2,0,0,15,ERROR_NATURAL_NUMBER,ERROR_NATURAL_NUMBER,1以上の半角数字で入力してください,1以上の半角数字で入力してください,0,0
2,0,0,16,ERROR_CHANGE_USAGE_TIME,ERROR_CHANGE_USAGE_TIME,存在する予約時間外になるため、受付時間の変更ができません。,存在する予約時間外になるため、受付時間の変更ができません。,0,0
2,0,0,17,ERROR_LESS_THAN_FROM,ERROR_LESS_THAN_FROM,最小値より値が小さいため、より大きい値を入力してください,最小値より値が小さいため、より大きい値を入力してください,0,0
2,0,0,18,ERROR_GRATER_THAN_TO,ERROR_GRATER_THAN_TO,最大値より値が大きいため、より小さい値を入力してください,最大値より値が大きいため、より小さい値を入力してください,0,0
2,0,0,19,ERROR_MINIMUM_UNIT,ERROR_MINIMUM_UNIT,最小単位は5分以上の値で入力してください。,最小単位は5分以上の値で入力してください。,0,0
2,0,0,20,ERROR_MULTIPLE_NUM,ERROR_MULTIPLE_NUM,{0}の倍数で入力してください。,{0}の倍数で入力してください。,0,0
2,0,0,21,ERROR_OVER_DIGIT,ERROR_OVER_DIGIT,{0}以下の値で入力してください。,{0}以下の値で入力してください。,0,0
2,0,0,22,ERROR_UNDER_DIGIT,ERROR_UNDER_DIGIT,{0}以上の値で入力してください。,{0}以上の値で入力してください。,0,0
2,0,0,23,ERROR_OVER_FROM_DATETIME,ERROR_OVER_FROM_DATETIME,FROM以降の日時を入力してください,FROM以降の日時を入力してください,0,0
2,0,0,24,ERROR_UNDER_TO_DATETIME,ERROR_UNDER_TO_DATETIME,TO以前の日時を入力してください,TO以前の日時を入力してください,0,0
2,0,0,25,ERROR_OVER_FROM_DATE,ERROR_OVER_FROM_DATE,FROM以降の日にちを入力してください,FROM以降の日にちを入力してください,0,0
2,0,0,26,ERROR_IS_RESERVE,ERROR_IS_RESERVE,過去含め予約が存在しているため変更はできません,過去含め予約が存在しているため変更はできません,0,0
2,0,0,27,ERROR_IS_RESERVE_FUTURE,ERROR_IS_RESERVE_FUTURE,未来に予約が存在するため変更はできません,未来に予約が存在するため変更はできません,0,0
2,0,0,28,ERROR_HALF_SIZE,ERROR_HALF_SIZE,半角文字で入力してください,半角文字で入力してください,0,0
2,0,0,29,ERROR_FULL_SIZE,ERROR_FULL_SIZE,全角文字で入力してください,全角文字で入力してください,0,0
2,0,0,30,ERROR_HALF_SIZE_NUMBER,ERROR_HALF_SIZE_NUMBER,半角数字で入力してください,半角数字で入力してください,0,0
2,0,0,31,ERROR_ALPHA_NUMERIC,ERROR_ALPHA_NUMERIC,半角英数字で入力してください,半角英数字で入力してください,0,0
2,0,0,32,ERROR_ALNUM_SYM,ERROR_ALNUM_SYM,半角英数記号で入力してください,半角英数記号で入力してください,0,0
2,0,0,33,ERROR_HALF_SIZE_KATAKANA,ERROR_HALF_SIZE_KATAKANA,半角カタカナで入力してください,半角カタカナで入力してください,0,0
2,0,0,34,ERROR_FULL_SIZE_KATAKANA,ERROR_FULL_SIZE_KATAKANA,全角カタカナで入力してください,全角カタカナで入力してください,0,0
2,0,0,35,ERROR_FULL_SIZE_HIRAGANA,ERROR_FULL_SIZE_HIRAGANA,全角ひらがなで入力してください,全角ひらがなで入力してください,0,0
2,0,0,36,ERROR_PHONE_NUMBER,ERROR_PHONE_NUMBER,電話番号をハイフンなしで入力してください,電話番号をハイフンなしで入力してください,0,0
2,0,0,37,ERROR_PHONE_NUMBER_HYPHEN,ERROR_PHONE_NUMBER_HYPHEN,電話番号をハイフンありで入力してください,電話番号をハイフンありで入力してください,0,0
2,0,0,38,ERROR_ZIP_CODE,ERROR_ZIP_CODE,郵便番号をハイフンなしで入力してください,郵便番号をハイフンなしで入力してください,0,0
2,0,0,39,ERROR_UNDER_DATE,ERROR_UNDER_DATE,{0}より後の日付を入力してください,{0}より後の日付を入力してください,0,0
2,0,0,40,ERROR_OVER_DATE,ERROR_OVER_DATE,{0}より前の日付を入力してください,{0}より前の日付を入力してください,0,0
2,0,0,41,ERROR_IS_DIRECTORY,ERROR_IS_DIRECTORY,半角英数記号（ハイフン、アンダーバー）で入力してください,半角英数記号（ハイフン、アンダーバー）で入力してください,0,0
2,0,0,42,ERROR_IS_FILE,ERROR_IS_FILE,半角英数記号（ハイフン、アンダーバー）で入力してください,半角英数記号（ハイフン、アンダーバー）で入力してください,0,0
2,0,0,43,ERROR_COLOR_CODE,ERROR_COLOR_CODE,#を含む6桁のカラーコードで入力してください,#を含む6桁のカラーコードで入力してください,0,0
2,0,0,44,ERROR_PLAN_AUTHORITY,ERROR_PLAN_AUTHORITY,ご利用のプランではこちらの利用はできません,ご利用のプランではこちらの利用はできません,0,1
2,0,0,45,ERROR_ALREADY_SAVE,ERROR_ALREADY_SAVE,既に登録されている値です。別の値を入力してください,既に登録されている値です。別の値を入力してください,0,0
2,0,0,46,ERROR_CHANGE_EVENT_STOCK,ERROR_CHANGE_EVENT_STOCK,変更した在庫が現在予約されている予約数未満となるため変更できません。,変更した在庫が現在予約されている予約数未満となるため変更できません。,0,0
2,0,0,47,ERROR_CHANGE_OPTION_STOCK,ERROR_CHANGE_OPTION_STOCK,変更した在庫が現在予約されている予約数未満となるため変更できません。,変更した在庫が現在予約されている予約数未満となるため変更できません。,0,0
2,0,0,48,ERROR_OUT_OF_STOCK,ERROR_OUT_OF_STOCK,在庫がありません。,在庫がありません。,0,0
2,0,0,49,ERROR_DUPLICATE_DATE,ERROR_DUPLICATE_DATE,日付が重複しています。別の日付を入力してください,日付が重複しています。別の日付を入力してください,0,0
2,0,0,50,ERROR_NOT_DELETE,ERROR_NOT_DELETE,このデータは削除できません,このデータは削除できません,0,0
2,0,0,51,ERROR_OPTION_INCLUDE_DATE,ERROR_OPTION_INCLUDE_DATE,個別設定が予約可能期間外になっているか重複しています,個別設定が予約可能期間外になっているか重複しています,0,1
2,0,0,52,ERROR_FORM_PATTERN_OPTION_REQUIRE,ERROR_FORM_PATTERN_OPTION_REQUIRE,オプションの選択は必須です,オプションの選択は必須です,0,0
2,0,0,53,ERROR_FORM_PATTERN_OPTION_DUPLICATE,ERROR_FORM_PATTERN_OPTION_DUPLICATE,オプションの選択が重複しています,オプションの選択が重複しています,0,1
2,0,0,54,ERROR_DELETE_FORM_GROUP,ERROR_DELETE_FORM_GROUP,このフォームグループは削除できません,このフォームグループは削除できません,0,1
2,0,0,55,ERROR_LABEL_LEVEL,ERROR_LABEL_LEVEL,これ以上の階層は設定できません,これ以上の階層は設定できません,0,0
2,0,0,56,ERROR_EXISTS,ERROR_EXISTS,既にデータが存在しています,既にデータが存在しています,0,0
2,0,0,57,ERROR_NOT_EXISTS,ERROR_NOT_EXISTS,このデータは存在しません。ご確認ください,このデータは存在しません。ご確認ください,0,0
2,0,0,58,ERROR_UPLOAD,ERROR_UPLOAD,アップロードに失敗しました,アップロードに失敗しました,0,0
2,0,0,59,ERROR_FILE_TYPE,ERROR_FILE_TYPE,ファイルの拡張子が正しくありません,ファイルの拡張子が正しくありません,0,0
2,0,0,60,ERROR_FILE_SIZE,ERROR_FILE_SIZE,{0}MB以下のファイルをアップロードしてください,{0}MB以下のファイルをアップロードしてください,0,0
2,0,0,61,ERROR_ALL_FILE_SIZE,ERROR_ALL_FILE_SIZE,ご利用の環境では{0}GBまでのファイルが利用できます。,ご利用の環境では{0}GBまでのファイルが利用できます。,0,0
2,0,0,62,ERROR_ONE_OR_MORE,ERROR_ONE_OR_MORE,1つ以上選択してください。,1つ以上選択してください。,0,0
2,0,0,63,ERROR_ONE_OR_MORE_SELECT,ERROR_ONE_OR_MORE_SELECT,1つ以上選択してください。,1つ以上選択してください。,0,0
2,0,0,64,ERROR_PAST,ERROR_PAST,現在日時より未来の日時を入力してください,現在日時より未来の日時を入力してください,0,0
2,0,0,65,ERROR_LOGIN_ID_CHARACTER,ERROR_LOGIN_ID_CHARACTER,半角英数字またはハイフン、ピリオド、アンダースコアで入力してください,半角英数字またはハイフン、ピリオド、アンダースコアで入力してください,0,0
2,0,0,66,ERROR_PASSWORD_CHARACTER,ERROR_PASSWORD_CHARACTER,半角英数字記号で入力してください,半角英数字記号で入力してください,0,0
2,0,0,67,ERROR_PASSWORD_ALPHANUMERIC,ERROR_PASSWORD_ALPHANUMERIC,半角英数字混在で入力してください,半角英数字混在で入力してください,0,0
2,0,0,68,ERROR_CANNOT_EDIT_DEFAULT_ITEM,ERROR_CANNOT_EDIT_DEFAULT_ITEM,デフォルト項目のため編集できません,デフォルト項目のため編集できません,0,1
2,0,0,69,ERROR_DELETE_USER,ERROR_DELETE_USER,未来に予約があるため、削除できません。未来の予約はキャンセルをお願いします,未来に予約があるため、削除できません。未来の予約はキャンセルをお願いします,0,1
2,0,0,70,ERROR_LIST_CHECK_LIMIT,ERROR_LIST_CHECK_LIMIT,チェックの数が多すぎます。チェックの数を減らしてください,チェックの数が多すぎます。チェックの数を減らしてください,0,0
2,0,0,71,ERROR_NOT_EXISTS_PERIOD,ERROR_NOT_EXISTS_PERIOD,利用期間外のため予約できません,利用期間外のため予約できません,0,0
2,0,0,72,ERROR_RESERVATION_TIME,ERROR_RESERVATION_TIME,この時間は予約できません,この時間は予約できません,0,0
2,0,0,73,ERROR_RESERVE_HOLIDAY,ERROR_RESERVE_HOLIDAY,この日時は予約できません,この日時は予約できません,0,0
2,0,0,74,ERROR_RECEPTION_PERIOD,ERROR_RECEPTION_PERIOD,受付期間外のため予約できません,受付期間外のため予約できません,0,0
2,0,0,75,ERROR_REGISTRATION_DEADLINE,ERROR_REGISTRATION_DEADLINE,登録締切日が過ぎているため予約できません,登録締切日が過ぎているため予約できません,0,0
2,0,0,76,ERROR_EDITING_DEADLINE,ERROR_EDITING_DEADLINE,編集締切日が過ぎているため予約できません,編集締切日が過ぎているため予約できません,0,0
2,0,0,77,ERROR_CANCELLATION_DEADLINE,ERROR_CANCELLATION_DEADLINE,キャンセル締切日が過ぎているため予約できません,キャンセル締切日が過ぎているため予約できません,0,0
2,0,0,78,ERROR_DUPLICATE_RESERVATION,ERROR_DUPLICATE_RESERVATION,他の予約と重複しているため予約できません,他の予約と重複しているため予約できません,0,0
2,0,0,79,ERROR_RESERVATION_LIMIT_AUTHORITY_ALL,ERROR_RESERVATION_LIMIT_AUTHORITY_ALL,予約回数の上限となっているため予約できません,予約回数の上限となっているため予約できません,0,0
2,0,0,80,ERROR_RESERVATION_LIMIT_AUTHORITY_FUTURE,ERROR_RESERVATION_LIMIT_AUTHORITY_FUTURE,予約回数の上限となっているため予約できません,予約回数の上限となっているため予約できません,0,0
2,0,0,81,ERROR_RESERVATION_LIMIT_AUTHORITY_MONTH,ERROR_RESERVATION_LIMIT_AUTHORITY_MONTH,予約回数の上限となっているため予約できません,予約回数の上限となっているため予約できません,0,0
2,0,0,82,ERROR_RESERVATION_LIMIT_AUTHORITY_DAY,ERROR_RESERVATION_LIMIT_AUTHORITY_DAY,予約回数の上限となっているため予約できません,予約回数の上限となっているため予約できません,0,0
2,0,0,83,ERROR_RESERVATION_LIMIT_EVENT_ALL,ERROR_RESERVATION_LIMIT_EVENT_ALL,予約回数の上限となっているため予約できません,予約回数の上限となっているため予約できません,0,0
2,0,0,84,ERROR_RESERVATION_LIMIT_EVENT_FUTURE,ERROR_RESERVATION_LIMIT_EVENT_FUTURE,予約回数の上限となっているため予約できません,予約回数の上限となっているため予約できません,0,0
2,0,0,85,ERROR_RESERVATION_LIMIT_EVENT_MONTH,ERROR_RESERVATION_LIMIT_EVENT_MONTH,予約回数の上限となっているため予約できません,予約回数の上限となっているため予約できません,0,0
2,0,0,86,ERROR_RESERVATION_LIMIT_EVENT_DAY,ERROR_RESERVATION_LIMIT_EVENT_DAY,予約回数の上限となっているため予約できません,予約回数の上限となっているため予約できません,0,0
2,0,0,87,ERROR_USER_TERMS,ERROR_USER_TERMS,個人情報取扱に同意してください,個人情報取扱に同意してください,0,0
2,0,0,88,ERROR_RESERVATION_TERMS,ERROR_RESERVATION_TERMS,利用規約に同意してください,利用規約に同意してください,0,0
2,0,0,89,ERROR_TOKEN_PAYMENT_CARD_NO,ERROR_TOKEN_PAYMENT_CARD_NO,カード番号を正しく入力してください,カード番号を正しく入力してください,0,0
2,0,0,90,ERROR_TOKEN_PAYMENT_EXPIRE,ERROR_TOKEN_PAYMENT_EXPIRE,有効期限を正しく入力してください,有効期限を正しく入力してください,0,0
2,0,0,91,ERROR_TOKEN_PAYMENT_SECURITY_CODE,ERROR_TOKEN_PAYMENT_SECURITY_CODE,セキュリティコードを正しく入力してください,セキュリティコードを正しく入力してください,0,0
2,0,0,92,ERROR_TOKEN_PAYMENT_OTHER,ERROR_TOKEN_PAYMENT_OTHER,クレジット決済でエラーが発生しました。カード情報をお確かめください,クレジット決済でエラーが発生しました。カード情報をお確かめください,0,0
2,0,0,93,ERROR_PAYMENT,ERROR_PAYMENT,クレジット決済でエラーが発生しました。カード情報をお確かめください,クレジット決済でエラーが発生しました。カード情報をお確かめください,0,0
2,0,0,94,ERROR_PAYMENT_ROLLBACK,ERROR_PAYMENT_ROLLBACK,エラーが発生しました。決済が実施されてますが、予約がお取りできませんでした。管理者にお問い合わせください,エラーが発生しました。決済が実施されてますが、予約がお取りできませんでした。管理者にお問い合わせください,0,0
2,0,0,95,ERROR_RESERVATION_CONTINUOUS_PARTIAL,ERROR_RESERVATION_CONTINUOUS_PARTIAL,続けて予約のデータが一部登録できませんでした。再度お試しください,続けて予約のデータが一部登録できませんでした。再度お試しください,0,0
2,0,0,96,ERROR_WAITING_CANCELLATION_IN_STOCK,ERROR_WAITING_CANCELLATION_IN_STOCK,在庫が存在するためキャンセル待ち通知を登録できません。画面を更新してご確認ください,在庫が存在するためキャンセル待ち通知を登録できません。画面を更新してご確認ください,0,0
2,0,0,97,ERROR_CALCULATE_CHARGE,ERROR_CALCULATE_CHARGE,料金計算でエラーが発生しました,料金計算でエラーが発生しました,0,0
2,0,0,98,CREATE_SUCCESS,CREATE_SUCCESS,データの登録が完了しました,データの登録が完了しました,0,1
2,0,0,99,INVALID_INPUT,INVALID_INPUT,入力されたデータにエラーがありました。ご確認ください,入力されたデータにエラーがありました。ご確認ください,0,0
2,0,0,100,UPDATE_SUCCESS,UPDATE_SUCCESS,データの更新が完了しました,データの更新が完了しました,0,1
2,0,0,101,DELETE_SUCCESS,DELETE_SUCCESS,データの削除が完了しました,データの削除が完了しました,0,1
2,0,0,102,CANCEL_SUCCESS,CANCEL_SUCCESS,予約データをキャンセルしました,予約データをキャンセルしました,0,1
2,0,0,103,WITHDRAW_SUCCESS,WITHDRAW_SUCCESS,会員データの退会が完了しました。,会員データの退会が完了しました。,0,1
2,0,0,104,NEWS_SETTING_UPDATE_SUCCESS,NEWS_SETTING_UPDATE_SUCCESS,お知らせ設定の更新が完了しました,お知らせ設定の更新が完了しました,0,1
2,0,0,105,FAILED_TEST_MAIL,FAILED_TEST_MAIL,テストメール送信に失敗しました,テストメール送信に失敗しました,0,1
2,0,0,106,TOGETHER_OPERATION_MAX,TOGETHER_OPERATION_MAX,まとめて編集機能の選択データが多すぎます。編集する予約枠を減らしてください,まとめて編集機能の選択データが多すぎます。編集する予約枠を減らしてください,0,1
2,0,0,107,TOGETHER_OPERATION_ONE_OR_MORE,TOGETHER_OPERATION_ONE_OR_MORE,1つ以上の予約枠を選択してください,1つ以上の予約枠を選択してください,0,0
2,0,0,108,PLAN_RESTRICTION_OVER,PLAN_RESTRICTION_OVER,ご利用のプランで利用できる制限数を超えていますので利用できません,ご利用のプランで利用できる制限数を超えていますので利用できません,0,1
2,0,0,109,LOGIN_FAILED,LOGIN_FAILED,ログインIDかパスワードの入力に誤りがあるか、該当IDがロックされています,ログインIDかパスワードの入力に誤りがあるか、該当IDがロックされています,0,0
2,0,0,110,ERROR_NOW_PASSWORD_NOT_SAME,ERROR_NOW_PASSWORD_NOT_SAME,現在のパスワードと一致しません,現在のパスワードと一致しません,0,0
2,0,0,111,ERROR_PASSWORD_SAME,ERROR_PASSWORD_SAME,変更前のパスワードと同じです。別の値を入力してください,変更前のパスワードと同じです。別の値を入力してください,0,0
2,0,0,112,ERROR_INVALID_URL,ERROR_INVALID_URL,不正なURLです,不正なURLです,0,0
2,0,0,114,ERROR_NOT_MATCH_DATA,ERROR_NOT_MATCH_DATA,データが一致しません,データが一致しません,0,0
2,0,0,115,ERROR_CANNOT_WITHDRAW,ERROR_CANNOT_WITHDRAW,未来に予約があるため、退会できません。未来の予約はキャンセルをお願いします,未来に予約があるため、退会できません。未来の予約はキャンセルをお願いします,0,0
2,0,0,116,ERROR_NOT_UPDATE_HOLIDAYS,ERROR_NOT_UPDATE_HOLIDAYS,予約ID：{0}　予約が存在するため祝日設定が更新できません,予約ID：{0}　予約が存在するため祝日設定が更新できません,0,1
2,0,0,117,ERROR_PAGE_NOT_FOUND,ERROR_PAGE_NOT_FOUND,該当のページは存在しません,該当のページは存在しません,0,0
2,0,0,118,ERROR_NOT_FOUND,ERROR_NOT_FOUND,ページがありません,ページがありません,0,0
2,0,0,119,ERROR_USER_ERROR,ERROR_USER_ERROR,エラーが発生しました。再度お試しください,エラーが発生しました。再度お試しください,0,0
2,0,0,120,ERROR_SYSTEM_ERROR,ERROR_SYSTEM_ERROR,エラーが発生しました。管理者にお問い合わせください,エラーが発生しました。管理者にお問い合わせください,0,0
2,0,0,121,ERROR_NOT_PUBLIC,ERROR_NOT_PUBLIC,ページがありません,ページがありません,0,0
2,0,0,122,ERROR_OVER_FROM_TIME,ERROR_OVER_FROM_TIME,FROM以降の時間を入力してください,FROM以降の時間を入力してください,0,0
2,0,0,123,DELETE_MANY_ERROR,DELETE_MANY_ERROR,削除対象情報が更新されている可能性があります。再度一覧画面からチェック情報を確認して操作をお願いします。,削除対象情報が更新されている可能性があります。再度一覧画面からチェック情報を確認して操作をお願いします。,0,1
2,0,0,124,ERROR_CHARGE_LIMIT,ERROR_CHARGE_LIMIT,合計料金が上限を超えています,合計料金が上限を超えています,0,0
2,0,0,125,PLAN_USER_RESTRICTION_OVER,PLAN_USER_RESTRICTION_OVER,ユーザー登録数が上限に達したため、現在会員登録機能がご利用できません。,ユーザー登録数が上限に達したため、現在会員登録機能がご利用できません。,0,0
2,0,0,126,ERROR_RUNNING_IMPORT,ERROR_RUNNING_IMPORT,別のアップロード処理中です,別のアップロード処理中です,0,1
2,0,0,127,ERROR_CANNOT_RESERVE_TIME,ERROR_CANNOT_RESERVE_TIME,この時間からの開始は受け付けておりません,この時間からの開始は受け付けておりません,0,0
2,0,0,128,ERROR_EVENT_TIME_MULTIPLE,ERROR_EVENT_TIME_MULTIPLE,実施時間の開始～終了の時間幅は、予約時間設定の1コマの設定時間で割り切れるように設定してください,実施時間の開始～終了の時間幅は、予約時間設定の1コマの設定時間で割り切れるように設定してください,0,1
2,0,0,129,ERROR_NG_WORD,ERROR_NG_WORD,使用できない文字が含まれています,使用できない文字が含まれています,0,1
2,0,0,130,ERROR_INVALID_PHONE_NUMBER,ERROR_INVALID_PHONE_NUMBER,正しい電話番号を入力してください,正しい電話番号を入力してください,0,0
2,0,0,131,ERROR_CREATE_VIDEO_MEETING,ERROR_CREATE_VIDEO_MEETING,ビデオ会議の作成に失敗しました。少し時間を空けて、再度お試しください。,ビデオ会議の作成に失敗しました。少し時間を空けて、再度お試しください。,0,0
2,0,0,132,ERROR_UPDATE_VIDEO_MEETING,ERROR_UPDATE_VIDEO_MEETING,ビデオ会議の更新に失敗しました。少し時間を空けて、再度お試しください。,ビデオ会議の更新に失敗しました。少し時間を空けて、再度お試しください。,0,0
2,0,0,133,ERROR_DELETE_VIDEO_MEETING,ERROR_DELETE_VIDEO_MEETING,ビデオ会議の削除に失敗しました。少し時間を空けて、再度お試しください。,ビデオ会議の削除に失敗しました。少し時間を空けて、再度お試しください。,0,0
2,0,0,134,ERROR_DELETE_CHANGE_SERVICE_ACCOUNT,ERROR_DELETE_CHANGE_SERVICE_ACCOUNT,サービスアカウント設定が変更されているため、ビデオ会議の削除が行われませんでした。,サービスアカウント設定が変更されているため、ビデオ会議の削除が行われませんでした。,0,0
2,0,0,135,ERROR_DELETE_CHANGE_ZOOM,ERROR_DELETE_CHANGE_ZOOM,ZoomAPI設定が変更されているため、ビデオ会議の削除が行われませんでした。,ZoomAPI設定が変更されているため、ビデオ会議の削除が行われませんでした。,0,0
2,0,0,136,INFO_UPDATE_CHANGE_SERVICE_ACCOUNT,INFO_UPDATE_CHANGE_SERVICE_ACCOUNT,サービスアカウント設定が変更されているため、ビデオ会議を再度作成しました。,サービスアカウント設定が変更されているため、ビデオ会議を再度作成しました。,0,0
2,0,0,137,INFO_UPDATE_CHANGE_ZOOM,INFO_UPDATE_CHANGE_ZOOM,ZoomAPI設定が変更されているため、ビデオ会議を再度作成しました。,ZoomAPI設定が変更されているため、ビデオ会議を再度作成しました。,0,0
2,0,0,138,INFO_CREATE_INVALID_ZOOM,INFO_CREATE_INVALID_ZOOM,ZoomAPI設定が不正なため、ビデオ会議の作成が行われませんでした。,ZoomAPI設定が不正なため、ビデオ会議の作成が行われませんでした。,0,0
2,0,0,139,INFO_CREATE_INVALID_SERVICE_ACCOUNT,INFO_CREATE_INVALID_SERVICE_ACCOUNT,サービスアカウント設定が不正なため、ビデオ会議の作成が行われませんでした。,サービスアカウント設定が不正なため、ビデオ会議の作成が行われませんでした。,0,0
2,0,0,140,ERROR_INVALID_JSON,ERROR_INVALID_JSON,JSON形式で入力してください,JSON形式で入力してください,0,0
2,0,0,141,INFO_VIDEO_MEETING_FAILED_PUBLIC,INFO_VIDEO_MEETING_FAILED_PUBLIC,ビデオ会議室の連携に失敗しました。管理者にお問い合わせください。,ビデオ会議室の連携に失敗しました。管理者にお問い合わせください。,0,0
2,0,0,142,ERROR_VIDEO_MEETING_LIMIT,ERROR_VIDEO_MEETING_LIMIT,ビデオ会議連携可能な件数を超えているため、ビデオ会議の作成が行われませんでした。,ビデオ会議連携可能な件数を超えているため、ビデオ会議の作成が行われませんでした。,0,0
2,0,0,143,ERROR_VIDEO_METTING_DELETE_MANY,ERROR_VIDEO_METTING_DELETE_MANY,ビデオ会議連携可能な件数を超えているため、削除できません。,ビデオ会議連携可能な件数を超えているため、削除できません。,0,1
2,0,0,144,ERROR_VIDEO_MEETING_ROLLBACK,ERROR_VIDEO_MEETING_ROLLBACK,ビデオ会議の更新に失敗しました。管理者にお問い合わせください。,ビデオ会議の更新に失敗しました。管理者にお問い合わせください。,0,0
2,0,0,145,RECEPTION_STATUS_UPDATE_SUCCESS,RECEPTION_STATUS_UPDATE_SUCCESS,受け付けました。,受け付けました。,0,1
2,0,0,146,RECEPTION_STATUS_UPDATE_ADMISSION,RECEPTION_STATUS_UPDATE_ADMISSION,入場を受け付けました。,入場を受け付けました。,0,1
2,0,0,147,RECEPTION_STATUS_UPDATE_EXIT,RECEPTION_STATUS_UPDATE_EXIT,退場を受け付けました。,退場を受け付けました。,0,1
2,0,0,148,RECEPTION_STATUS_ALREADY_ADMISSION,RECEPTION_STATUS_ALREADY_ADMISSION,入場受け付け済みです。,入場受け付け済みです。,0,1
2,0,0,149,RECEPTION_STATUS_ALREADY_EXIT,RECEPTION_STATUS_ALREADY_EXIT,退場受け付け済みです。,退場受け付け済みです。,0,1
2,0,0,150,RECEPTION_STATUS_ERROR_ABSENCE,RECEPTION_STATUS_ERROR_ABSENCE,欠席で登録されています。,欠席で登録されています。,0,1
2,0,0,151,RECEPTION_STATUS_ERROR_NOT_RESERVED_DATE,RECEPTION_STATUS_ERROR_NOT_RESERVED_DATE,入場を受け付けていません。,入場を受け付けていません。,0,1
2,0,0,152,ERROR_USER_EXPIRATION_RESERVE,ERROR_USER_EXPIRATION_RESERVE,有効期間外のため予約できません,有効期間外のため予約できません,0,0
2,0,0,154,ERROR_REGISTRATION_SMART_LOCK,ERROR_REGISTRATION_SMART_LOCK,登録できませんでした。管理者にお問い合わせください。,登録できませんでした。管理者にお問い合わせください。,0,0
2,0,0,155,ERROR_TIME_USED,ERROR_TIME_USED,既に利用済みのため変更できません。,既に利用済みのため変更できません。,0,0
2,0,0,156,ERROR_NOT_FOUND_AKERUN_USER,ERROR_NOT_FOUND_AKERUN_USER,存在しないAkerunユーザーIDです。,存在しないAkerunユーザーIDです。,0,0
2,0,0,157,ERROR_FAILED_TO_GET_REFRESH_TOKEN,ERROR_FAILED_TO_GET_REFRESH_TOKEN,コードが誤っている可能性があります。もう一度ご確認の上入力してください,コードが誤っている可能性があります。もう一度ご確認の上入力してください,0,1
2,0,0,158,ERROR_NOT_AVAILABLE_DOMAIN,ERROR_NOT_AVAILABLE_DOMAIN,このメールアドレスは使用できません,このメールアドレスは使用できません,0,1
2,0,0,159,ERROR_PAYMENT_LINK,ERROR_PAYMENT_LINK,"決済画面にて「購入エラー」の画面が表示された場合、管理者へお問い合わせください。
エラーの理由として以下が考えられます。

・決済有効期限が切れてしまった
・決済はされたが連携時にシステムエラーが発生した","決済画面にて「購入エラー」の画面が表示された場合、管理者へお問い合わせください。
エラーの理由として以下が考えられます。

・決済有効期限が切れてしまった
・決済はされたが連携時にシステムエラーが発生した",1,0
2,0,0,160,ERROR_NOT_FOUND_TRACKING_ID,ERROR_NOT_FOUND_TRACKING_ID,存在しないトラッキングIDです,存在しないトラッキングIDです,0,1
2,0,0,161,ERROR_AKERUN_REGISTERED_MAIL,ERROR_AKERUN_REGISTERED_MAIL,該当のメールアドレスで既にAkerunユーザーが存在する可能性があります。お持ちのAkerunIDを入力してください。,該当のメールアドレスで既にAkerunユーザーが存在する可能性があります。お持ちのAkerunIDを入力してください。,0,0
2,0,0,162,ERROR_AKERUN_REGISTERED_MAIL_RESERVATION,ERROR_AKERUN_REGISTERED_MAIL_RESERVATION,該当のメールアドレスで既にAkerunユーザーが存在する可能性があります。会員編集画面でお持ちのAkerunIDを入力してください。,該当のメールアドレスで既にAkerunユーザーが存在する可能性があります。会員編集画面でお持ちのAkerunIDを入力してください。,0,0
2,0,0,163,ERROR_TOKEN_PAYMENT_NAME,ERROR_TOKEN_PAYMENT_NAME,カード名義人を正しく入力してください,カード名義人を正しく入力してください,0,0
2,0,0,164,ERROR_PAYMENT_KYC,ERROR_PAYMENT_KYC,{0}と{1}はどちらか一方を入力してください,{0}と{1}はどちらか一方を入力してください,0,0
2,0,0,165,ERROR_THREE_D_SECURE_PAYMENT,ERROR_THREE_D_SECURE_PAYMENT,エラーが発生しました。予約や決済については管理者にお問い合わせください,エラーが発生しました。予約や決済については管理者にお問い合わせください,0,0
1,1,1,1,COMMON_TITLE,共通文言/システム名称,　,　,0,0
1,1,1,2,common/cancelWait,共通文言/キャンセル待ち履歴,キャンセル待ち履歴,キャンセル待ち履歴,0,0
1,1,1,3,common/errorMessage,共通文言エラー画面ページ文言,エラーが発生しました,エラーが発生しました,0,0
1,1,1,4,common/errorTitle400,共通文言/存在しないページタイトル,ページにアクセスできません,ページにアクセスできません,0,0
1,1,1,5,common/errorTitle500,共通文言/エラー画面ページタイトル,エラーが発生しました,エラーが発生しました,0,0
1,1,1,6,common/fromToSeparate,共通文言/FromTOの区切り文字,~,~,0,0
1,1,1,7,common/hello,共通文言/ようこそ,ようこそ,ようこそ,0,0
1,1,1,8,common/help,共通文言/ヘルプ,ヘルプ,ヘルプ,0,0
1,1,1,9,common/history,共通文言/予約履歴,予約履歴,予約履歴,0,0
1,1,1,10,common/inquiry,共通文言/お問い合わせ,お問い合わせ,お問い合わせ,0,0
1,1,1,11,common/login,共通文言/ログイン,ログイン,ログイン,0,0
1,1,1,12,common/logout,共通文言/ログアウト,ログアウト,ログアウト,0,0
1,1,1,13,common/mypage,共通文言/マイページ,マイページ,マイページ,0,0
1,1,1,14,common/or,共通文言/もしくは,もしくは,もしくは,0,0
1,1,1,15,common/prefix,共通文言/さん,さん,さん,0,0
1,1,1,16,common/reserveContinue,共通文言/未確定予約,未確定の予約があります,未確定の予約があります,0,0
1,1,1,17,common/term,共通文言/利用規約,利用規約,利用規約,0,0
1,1,1,18,common/topBack,共通文言/TOPへ戻るボタン,TOPへ戻る,TOPへ戻る,0,0
1,1,1,19,common/backBtn,共通文言/戻るボタン,戻る,戻る,0,0
1,1,1,20,common/userAdd,共通文言/新規会員登録,新規会員登録,新規会員登録,0,0
1,1,1,21,common/viewList,共通文言/viewList,もっと見る,もっと見る,0,0
1,1,1,22,common/require,共通文言/必須,必須,必須,0,0
1,1,1,23,common/sctl,共通文言/特定商取引法,特定商取引法,特定商取引法,0,0
1,1,2,1,dialog/close,ダイアログ/「閉じる」ボタン,閉じる,閉じる,0,0
1,1,2,2,dialog/no,ダイアログ/「いいえ」ボタン,いいえ,いいえ,0,0
1,1,2,3,dialog/yes,ダイアログ/「はい」ボタン,はい,はい,0,0
1,1,3,1,help/cancelWait,ヘルプ/キャンセル待ち履歴,：登録中のキャンセル待ち情報を確認できます。,：登録中のキャンセル待ち情報を確認できます。,0,0
1,1,3,2,help/history,ヘルプ/予約履歴,：過去に予約した情報を確認できます。,：過去に予約した情報を確認できます。,0,0
1,1,3,3,help/inquiry,ヘルプ/お問い合わせ,：予約に関する質問やその他の質問ができます。,：予約に関する質問やその他の質問ができます。,0,0
1,1,3,4,help/logout,ヘルプ/ログアウト,：ログアウトできます。,：ログアウトできます。,0,0
1,1,3,5,help/mypage,ヘルプ/マイページ,：アカウント情報の確認と変更ができます。,：アカウント情報の確認と変更ができます。,0,0
1,1,3,6,help/term,ヘルプ/利用規約,：利用規約を閲覧できます。,：利用規約を閲覧できます。,0,0
1,1,3,7,help/sctl,ヘルプ/特定商取引法,：特定商取引法に基づく表記を閲覧できます。,：特定商取引法に基づく表記を閲覧できます。,0,0
1,1,4,1,index/searchTitle,TOPページ/条件を絞る,条件を絞る,条件を絞る,0,0
1,1,4,2,search/history,予約履歴/検索,予約履歴検索,予約履歴検索,0,0
1,1,4,3,search/reservation,予約状況を見るボタン,予約状況を見る,予約状況を見る,0,0
1,1,4,4,search/reset,リセットボタン,リセット,リセット,0,0
1,1,4,5,search/eventName,検索項目/予約枠名,予約枠名,予約枠名,0,0
1,1,5,1,label/title1,カテゴリー/上位タイトル1,カテゴリー上位,カテゴリー上位,0,0
1,1,5,2,label/title2,カテゴリー/下位タイトル2,カテゴリー下位2,カテゴリー下位2,0,0
1,1,5,3,label/title3,カテゴリー/下位タイトル3,カテゴリー下位3,カテゴリー下位3,0,0
1,1,6,1,login/idReminder,ログイン/IDリマインダー,IDを忘れた方はこちら,IDを忘れた方はこちら,0,0
1,1,6,2,login/loginId,ログイン/ログインID,ログインID,ログインID,0,0
1,1,6,3,login/password,ログイン/パスワード,パスワード,パスワード,0,0
1,1,6,4,login/loginBtn,ログイン/ログインボタン,ログイン,ログイン,0,0
1,1,6,5,login/pwReminder,ログイン/パスワードリマインダー,パスワードを忘れた方はこちら,パスワードを忘れた方はこちら,0,0
1,2,7,1,paginator/first,ページ繰り/最初,<<,<<,0,0
1,2,7,2,paginator/back,ページ繰り/前,<,<,0,0
1,2,7,3,paginator/next,ページ繰り/次,>,>,0,0
1,2,7,4,paginator/last,ページ繰り/最後,>>,>>,0,0
1,2,8,1,form/zipSearchBtn,フォーム/郵便番号検索ボタン,住所検索,住所検索,0,0
1,2,8,2,form/zipCode,フォーム/郵便番号,郵便番号,郵便番号,0,0
1,2,8,3,form/pref,フォーム/都道府県,都道府県,都道府県,0,0
1,2,8,4,form/town1,フォーム/市区町村,市区町村,市区町村,0,0
1,2,8,5,form/town2,フォーム/町域番地,町域番地,町域番地,0,0
1,2,8,6,form/town3,フォーム/建物名,建物名,建物名,0,0
1,2,8,7,form/select,フォーム/選択,選択,選択,0,0
1,2,9,1,pageTitle/index,ページタイトル/トップページ,トップページ,トップページ,0,0
1,2,9,2,pageTitle/calendar,ページタイトル/予約状況,予約状況,予約状況,0,0
1,2,9,3,pageTitle/guestCode,ページタイトル/非会員ログイン認証,予約確認　認証,予約確認　認証,0,0
1,2,9,4,pageTitle/guestLogin,ページタイトル/非会員ログイン,予約確認,予約確認,0,0
1,2,9,5,pageTitle/idReminder,ページタイトル/IDリマインダー,IDリマインダー,IDリマインダー,0,0
1,2,9,6,pageTitle/idReminder/finish,ページタイトル/IDリマインダー/完了画面,IDリマインダー 完了,IDリマインダー 完了,0,0
1,2,9,7,pageTitle/inquiry,ページタイトル/お問い合わせ,お問い合わせ,お問い合わせ,0,0
1,2,9,8,pageTitle/login,ページタイトル/ログイン,ログイン,ログイン,0,0
1,2,9,9,pageTitle/newsDetailTitle,ページタイトル/お知らせ詳細,お知らせ情報,お知らせ情報,0,0
1,2,9,10,pageTitle/newsListTitle,ページタイトル/お知らせ一覧,お知らせ一覧,お知らせ一覧,0,0
1,2,9,11,pageTitle/pwReminder,ページタイトル/パスワードリマインダー,パスワードリマインダー,パスワードリマインダー,0,0
1,2,9,12,pageTitle/pwEditReminder/finish,ページタイトル/パスワード編集リマインダー/完了画面,パスワード再設定　完了,パスワード再設定　完了,0,0
1,2,9,13,pageTitle/pwReminder/finish,ページタイトル/パスワードリマインダー/完了画面,パスワードリマインダー 完了,パスワードリマインダー 完了,0,0
1,2,9,14,pageTitle/pwReminderEdit,ページタイトル/パスワードリマインダー編集,パスワード再設定,パスワード再設定,0,0
1,2,9,15,pageTitle/reservationsMailAdd,ページタイトル/予約オプトインメールアドレス登録,メールアドレス登録,メールアドレス登録,0,0
1,2,9,16,pageTitle/reservationsMailAddFinish,ページタイトル/予約オプトインメールアドレス登録完了,メールアドレス登録完了,メールアドレス登録完了,0,0
1,2,9,17,pageTitle/eventsDetail,ページタイトル/予約枠詳細,予約枠詳細,予約枠詳細,0,0
1,2,9,18,pageTitle/reservationsAdd,ページタイトル/予約登録,予約登録,予約登録,0,0
1,2,9,19,pageTitle/reservationsDetail,ページタイトル/予約詳細,予約詳細,予約詳細,0,0
1,2,9,20,pageTitle/reservationsEdit,ページタイトル/予約編集,予約編集,予約編集,0,0
1,2,9,21,pageTitle/reservationsHistory,ページタイトル/予約履歴,予約履歴,予約履歴,0,0
1,2,9,22,pageTitle/reservationsCancelFinish,ページタイトル/予約キャンセル/完了画面,予約キャンセル完了,予約キャンセル完了,0,0
1,2,9,23,pageTitle/rule,ページタイトル/利用規約,利用規約,利用規約,0,0
1,2,9,24,pageTitle/userAdd,ページタイトル/会員登録,会員登録,会員登録,0,0
1,2,9,25,pageTitle/userDetail,ページタイトル/会員詳細,会員詳細,会員詳細,0,0
1,2,9,26,pageTitle/userEdit,ページタイトル/会員編集,会員編集,会員編集,0,0
1,2,9,27,pageTitle/userMailAdd,ページタイトル/会員オプトインメールアドレス登録,メールアドレス登録,メールアドレス登録,0,0
1,2,9,28,pageTitle/userMailAddFinish,ページタイトル/会員オプトインメールアドレス登録完了,メールアドレス登録完了,メールアドレス登録完了,0,0
1,2,9,29,pageTitle/userPasswordEdit,ページタイトル/パスワード変更画面,パスワード変更,パスワード変更,0,0
1,2,9,30,pageTitle/userPasswordEdit/Finish,ページタイトル/パスワード編集完了画面,パスワード変更 完了,パスワード変更 完了,0,0
1,2,9,31,pageTitle/userWithdraw,ページタイトル/退会申請画面,退会申請,退会申請,0,0
1,2,9,32,pageTitle/userWithdrawFinish,ページタイトル/退会申請完了画面,退会申請完了,退会申請完了,0,0
1,2,9,33,pageTitle/waitingCancellation/list,ページタイトル/キャンセル待ち一覧,キャンセル待ち一覧,キャンセル待ち一覧,0,0
1,2,9,34,pageTitle/waitingCancellation/Token,ページタイトル/キャンセル待ち確認認証画面,キャンセル待ち確認　認証,キャンセル待ち確認　認証,0,0
1,2,9,35,pageTitle/waitingCancellation/tokenFinish,ページタイトル/キャンセル待ち確認認証完了画面,キャンセル待ち確認　認証完了,キャンセル待ち確認　認証完了,0,0
1,2,9,36,pageTitle/waitingCancellation/add,ページタイトル/キャンセル待ち登録,予約キャンセルのメール通知登録,予約キャンセルのメール通知登録,0,0
1,2,9,37,pageTitle/waitingCancellation/addFinish,ページタイトル/キャンセル待ち登録完了,予約キャンセルのメール通知登録完了,予約キャンセルのメール通知登録完了,0,0
1,2,9,38,pageTitle/userMailEdit,ページタイトル/メールアドレス変更画面,メールアドレス変更,メールアドレス変更,0,0
1,2,9,39,pageTitle/userMailEdit/Finish,ページタイトル/メールアドレス変更認証完了画面,メールアドレス変更 完了,メールアドレス変更 完了,0,0
1,2,9,40,pageTitle/paymentLink,ページタイトル/決済画面,決済,決済,0,0
1,3,10,1,reminder/id/1,リマインダー/ログインIDを忘れてしまった方リンク,ログインIDを忘れてしまった方は、登録時のメールアドレスを入力しリマインダーメールを受信してください。,ログインIDを忘れてしまった方は、登録時のメールアドレスを入力しリマインダーメールを受信してください。,1,0
1,3,10,2,reminder/id/finish,リマインダー/ID/完了画面,会員登録時のメールアドレスにメールを送信しました。メールをご確認ください。,会員登録時のメールアドレスにメールを送信しました。メールをご確認ください。,1,0
1,3,10,3,reminder/input/loginId,リマインダー/入力項目/ログインID,ログインID,ログインID,0,0
1,3,10,4,reminder/input/password,リマインダー/入力項目/パスワード,パスワード,パスワード,0,0
1,3,10,5,reminder/input/passwordConfirm,リマインダー/入力項目/パスワード（確認）,パスワード（確認）,パスワード（確認）,0,0
1,3,10,6,reminder/mail,リマインダー/メールアドレス,登録時のメールアドレス,登録時のメールアドレス,0,0
1,3,10,7,reminder/pw/1,リマインダー/パスワード/1,パスワードを忘れてしまった方は、登録時のメールアドレスを入力しリマインダーメールを受信してください。,パスワードを忘れてしまった方は、登録時のメールアドレスを入力しリマインダーメールを受信してください。,1,0
1,3,10,8,reminder/pw/finish,リマインダー/パスワード/完了画面,会員登録時のメールアドレスにメールを送信しました。メールをご確認ください。,会員登録時のメールアドレスにメールを送信しました。メールをご確認ください。,1,0
1,3,10,9,reminder/pwEdit/1,リマインダー/パスワード編集上部文言,ログインIDと新しいパスワードを入力してください,ログインIDと新しいパスワードを入力してください,0,0
1,3,10,10,reminder/pwEdit/finish,リマインダー/パスワード編集/完了画面,パスワードを再設定致しました。,パスワードを再設定致しました。,0,0
1,3,10,11,reminder/pwEdit/submitBtn,リマインダー/パスワード編集/送信ボタン,パスワードを設定,パスワードを設定,0,0
1,3,10,12,reminder/submitBtn,リマインダー/送信ボタン,リマインダーメールを受信する,リマインダーメールを受信する,0,0
1,4,11,1,user/agreeUserTerms,会員/個人情報規約に同意するチェック,個人情報規約に同意する,個人情報規約に同意する,0,0
1,4,11,2,user/detail/editBtn,会員詳細/編集ボタン,編集,編集,0,0
1,4,11,3,user/detail/passwordEditBtn,会員詳細/パスワード変更ボタン,パスワードを変更,パスワードを変更,0,0
1,4,11,4,user/detail/withdrawBtn,会員詳細/退会リンク,退会の手続きはこちら,退会の手続きはこちら,0,0
1,4,11,5,user/nextBtn,会員入力画面/確認ボタン,内容確認へ進む,内容確認へ進む,0,0
1,4,11,6,user/passwordEdit/backBtn,パスワード編集/戻るボタン,戻る,戻る,0,0
1,4,11,7,user/passwordEdit/dialogMessage,パスワード編集/ダイアログメッセージ,パスワードを変更します。よろしいですか？,パスワードを変更します。よろしいですか？,0,0
1,4,11,8,user/passwordEdit/dialogTitle,パスワード編集/ダイアログタイトル,password変更,password変更,0,0
1,4,11,9,user/passwordEdit/message,パスワード編集/説明文言,現在のパスワードと新しいパスワードを入力してください,現在のパスワードと新しいパスワードを入力してください,1,0
1,4,11,10,user/passwordEdit/newPassword,パスワード編集/新しいパスワード,新しいパスワード,新しいパスワード,0,0
1,4,11,11,user/passwordEdit/newPasswordConf,パスワード編集/新しいパスワード確認,新しいパスワード（確認）,新しいパスワード（確認）,0,0
1,4,11,12,user/passwordEdit/nextBtn,パスワード編集/変更するボタン,パスワードを変更する,パスワードを変更する,0,0
1,4,11,13,user/passwordEdit/oldPassword,パスワード編集/現在のパスワード,現在のパスワード,現在のパスワード,0,0
1,4,11,14,user/passwordEditFinish/message,パスワード編集完了画面/メッセージ,パスワードを更新しました。,パスワードを更新しました。,1,0
1,4,11,15,user/userTerms,会員/個人情報規約,個人情報取扱について,個人情報取扱について,0,0
1,4,11,16,user/withdraw/backBtn,退会申請画面/戻るボタン,戻る,戻る,0,0
1,4,11,17,user/withdraw/dialogMessage,退会申請画面/ダイアログメッセージ,退会をしてもよろしいですか？,退会をしてもよろしいですか？,0,0
1,4,11,18,user/withdraw/dialogTitle,退会申請画面/ダイアログタイトル,退会,退会,0,0
1,4,11,19,user/withdraw/message,退会申請画面/メッセージ,"退会した場合、お客様の情報がすべて削除されます。
退会される場合は、「退会」ボタンをクリックしてください","退会した場合、お客様の情報がすべて削除されます。
退会される場合は、「退会」ボタンをクリックしてください",1,0
1,4,11,20,user/withdraw/withdrawBtn,退会申請画面/退会ボタン,退会,退会,0,0
1,4,11,21,user/withdrawFinish/message,退会申請画面完了画面/メッセージ,退会手続きが完了しました。またのご利用お待ちしております。,退会手続きが完了しました。またのご利用お待ちしております。,1,0
1,4,11,22,user/detail/mailEditBtn,会員詳細/メールアドレス変更ボタン,メールアドレスを変更,メールアドレスを変更,0,0
1,4,11,23,user/mailEdit/message,メールアドレス編集/説明文言,"新しいメールアドレスを入力してください。
変更後に届く自動返信メールに記載のURLから認証を行ってください。","新しいメールアドレスを入力してください。
変更後に届く自動返信メールに記載のURLから認証を行ってください。",1,0
1,4,11,24,user/mailEdit/newMail,メールアドレス編集/新しいメールアドレス,新しいメールアドレス,新しいメールアドレス,0,0
1,4,11,25,user/mailEdit/newMailConf,メールアドレス編集/新しいメールアドレス確認,新しいメールアドレス（確認）,新しいメールアドレス（確認）,0,0
1,4,11,26,user/mailEdit/nextBtn,メールアドレス編集/変更するボタン,メールアドレスを変更する,メールアドレスを変更する,0,0
1,4,11,27,user/mailEdit/backBtn,メールアドレス編集/戻るボタン,戻る,戻る,0,0
1,4,11,28,user/mailEditFinish/message,メールアドレス編集完了画面/メッセージ,"入力いただいたメールアドレスにメールをお送りしました。
メールに記載のURLから認証を行ってください。","入力いただいたメールアドレスにメールをお送りしました。
メールに記載のURLから認証を行ってください。",1,0
1,4,11,29,user/mailEditApproval/message,メールアドレス変更認証完了画面/メッセージ,メールアドレスを変更しました。,メールアドレスを変更しました。,1,0
1,4,12,1,userAdd/backBtn,会員確認画面/戻るボタン,戻る,戻る,0,0
1,4,12,2,userAdd/finishBtn,会員確認画面/完了ボタン,会員情報を登録する,会員情報を登録する,0,0
1,4,12,3,userAdd/finishMessage,会員登録完了画面/メッセージ,"会員登録が完了しました。
登録したメールアドレスにメールをお送りしましたので、ご確認ください。","会員登録が完了しました。
登録したメールアドレスにメールをお送りしましたので、ご確認ください。",1,0
1,4,12,4,userAdd/stepTitle,会員登録/ステップタイトル,会員登録,会員登録,0,0
1,4,12,5,userAdd/step1,会員登録/ステップ1,入力,入力,0,0
1,4,12,6,userAdd/step2,会員登録/ステップ2,確認,確認,0,0
1,4,12,7,userAdd/step3,会員登録/ステップ3,完了,完了,0,0
1,4,13,1,userEdit/stepTitle,会員編集/ステップタイトル,会員編集,会員編集,0,0
1,4,13,2,userEdit/step1,会員編集/ステップ1,入力,入力,0,0
1,4,13,3,userEdit/step2,会員編集/ステップ2,確認,確認,0,0
1,4,13,4,userEdit/step3,会員編集/ステップ3,完了,完了,0,0
1,4,13,5,userEdit/backBtn,会員編集確認画面/戻るボタン,戻る,戻る,0,0
1,4,13,6,userEdit/finishBtn,会員編集確認画面/変更ボタン,会員情報を変更する,会員情報を変更する,0,0
1,4,13,7,userEdit/finishMessage,会員編集完了画面/メッセージ,"会員情報の変更が完了しました。
登録いただいたメールアドレスにメールをお送りしましたので、ご確認ください。","会員情報の変更が完了しました。
登録いただいたメールアドレスにメールをお送りしましたので、ご確認ください。",1,0
1,4,14,1,userMailAdd/message,会員オプトイン/メッセージ,"『利用規約』に同意のうえ、メールアドレスを登録してください。
登録後に届く自動返信メールに記載のURLから登録フォームへ進んでください。","『利用規約』に同意のうえ、メールアドレスを登録してください。
登録後に届く自動返信メールに記載のURLから登録フォームへ進んでください。",1,0
1,4,14,2,userMailAdd/mail,会員オプトイン/メールアドレス,メールアドレス,メールアドレス,0,0
1,4,14,3,userMailAdd/mailConfirm,会員オプトイン/メールアドレス（確認）,メールアドレス（確認）,メールアドレス（確認）,0,0
1,4,14,4,userMailAdd/nextBtn,会員オプトイン/登録ボタン,登録する,登録する,0,0
1,4,14,5,userMailAdd/finishMessage,会員オプトイン完了画面/メッセージ,"登録いただいたメールアドレスにメールをお送りしました。
メールに記載のURLから登録フォームに進んでください。","登録いただいたメールアドレスにメールをお送りしました。
メールに記載のURLから登録フォームに進んでください。",1,0
1,5,15,1,calendar/eventListPopupTitle,予約状況画面/一覧ポップアップタイトル,予約枠一覧,予約枠一覧,0,0
1,5,15,2,calendar/multipleDateTimetablePopupTitle,予約状況画面/予約枠時間一覧（複数日）ポップアップタイトル,予約枠時間一覧,予約枠時間一覧,0,0
1,5,15,3,calendar/searchTitle,予約状況画面/検索タイトル,予約枠検索,予約枠検索,0,0
1,5,15,4,calendar/singleDateTimetablePopupTitle,予約状況画面/予約枠時間一覧（1日）ポップアップタイトル,予約枠時間一覧,予約枠時間一覧,0,0
1,5,15,5,reservation/calendar/canScroll,予約状況画面/カレンダースクロール説明,スケジュールは左右スクロール可能です,スケジュールは左右スクロール可能です,0,0
1,5,15,6,reservation/calendar/dateBtn,予約状況画面/日付を変えるボタン,日付を変える,日付を変える,0,0
1,5,15,7,reservation/calendar/exceedLimit,予約状況画面/表示上限メッセージ,"1日に表示する件数が多いため、こちらの表示形式では表示できません。
受付状況を絞り込むか、別の表示形式で表示をお願いいたします。
","1日に表示する件数が多いため、こちらの表示形式では表示できません。
受付状況を絞り込むか、別の表示形式で表示をお願いいたします。
",1,0
1,5,15,8,reservation/calendar/listBtn,予約状況画面/一覧ボタン,一覧,一覧,0,0
1,5,15,9,reservation/calendar/listHeaderDate,予約状況画面/日付（一覧ヘッダー）,日付,日付,0,0
1,5,15,10,reservation/calendar/listHeaderStock,予約状況画面/空き情報（一覧ヘッダー）,空き情報,空き情報,0,0
1,5,15,11,reservation/calendar/listHeaderTime,予約状況画面/時間（一覧ヘッダー）,時間,時間,0,0
1,5,15,12,reservation/calendar/listIcon,予約状況画面/一覧アイコン,一覧,一覧,0,0
1,5,15,13,reservation/calendar/noResult,予約状況画面/データなし,該当する期間に予約枠は見つかりません,該当する期間に予約枠は見つかりません,1,0
1,5,15,14,reservation/calendar/otherEventLink,予約状況画面/1ヶ月表示全て見るリンク,全て見る,全て見る,0,0
1,5,15,15,reservation/calendar/remainStock,予約状況画面/残り,残り,残り,0,0
1,5,15,16,reservation/calendar/resetBtn,予約状況画面/リセットボタン,リセットする,リセットする,0,0
1,5,15,17,reservation/calendar/searchBtn,予約状況画面/検索ボタン,予約状況を見る,予約状況を見る,0,0
1,5,15,18,reservation/calendar/typeBtn/Day1Day,予約状況画面/タイプ変更ボタン/日にち表示（1日）,日にち表示,日にち表示,0,0
1,5,15,19,reservation/calendar/typeBtn/Day1Week,予約状況画面/タイプ変更ボタン/日にち表示（1週間）,日にち表示,日にち表示,0,0
1,5,15,20,reservation/calendar/typeBtn/List,予約状況画面/typeBtn/List,一覧表示,一覧表示,0,0
1,5,15,21,reservation/calendar/typeBtn/Month,予約状況画面/タイプ変更ボタン/1ヶ月表示,1ヶ月表示,1ヶ月表示,0,0
1,5,15,22,reservation/calendar/typeBtn/Subject1Day,予約状況画面/タイプ変更ボタン/時間割表示（1日）,時間割表示,時間割表示,0,0
1,5,15,23,reservation/calendar/typeBtn/Subject1Week,予約状況画面/タイプ変更ボタン/時間割表示（1週間）,時間割表示,時間割表示,0,0
1,5,15,24,reservation/calendar/typeBtn/Time1Day,予約状況画面/タイプ変更ボタン/時間表示（1日）,時間表示,時間表示,0,0
1,5,15,25,reservation/calendar/typeBtn/Time1Week,予約状況画面/時間表示（1週間）,時間表示,時間表示,0,0
1,5,15,26,reservation/calendar/selectEvents,予約状況画面/予約枠選択未選択表記,全ての枠,全ての枠,0,0
1,5,15,27,eventsDetail/eventName,予約枠詳細/名称,名称,名称,0,0
1,5,15,28,eventsDetail/labelName,予約枠詳細/カテゴリー,カテゴリー,カテゴリー,0,0
1,5,16,1,reservation/agreeReservationTerms,予約画面/利用規約同意チェック,利用規約に同意する,利用規約に同意する,0,0
1,5,16,2,reservation/agreeUserTerms,予約画面/個人情報規約チェック,個人情報規約に同意する,個人情報規約に同意する,0,0
1,5,16,3,reservationsAdd/stepTitle,予約画面/stepタイトル,予約登録,予約登録,0,0
1,5,16,4,reservationsAdd/step1,予約画面/step1,入力,入力,0,0
1,5,16,5,reservationsAdd/step2,予約画面/step2,確認,確認,0,0
1,5,16,6,reservationsAdd/step3,予約画面/step3,完了,完了,0,0
1,5,16,7,reservation/charge,予約/料金,料金,料金,0,0
1,5,16,8,reservation/chargeUnit,予約/料金単位,円,円,0,0
1,5,16,9,reservation/dateTimeDay,予約/日,日,日,0,0
1,5,16,10,reservation/dateTimeMinute,予約/分,分,分,0,0
1,5,16,12,reservation/detail/backHistory,予約/予約履歴に戻るボタン,予約履歴に戻る,予約履歴に戻る,0,0
1,5,16,13,reservation/detail/cancelBtn,予約/キャンセルボタン,キャンセル,キャンセル,0,0
1,5,16,14,reservation/detail/editBtn,予約/編集ボタン,編集,編集,0,0
1,5,16,16,reservation/nextBtn,予約/確認ボタン,内容確認へ進む,内容確認へ進む,0,0
1,5,16,17,reservation/chargeInfo,予約/予約料金,予約料金,予約料金,0,0
1,5,16,18,reservation/paymentInfo,予約/支払い情報,お支払方法,お支払方法,0,0
1,5,16,19,reservation/paymentMethod,予約/決済情報,決済情報,決済情報,0,0
1,5,16,20,reservation/paymentStatus,予約/決済ステータス,決済ステータス,決済ステータス,0,0
1,5,16,21,reservation/registerUser,予約/会員登録ボタン,会員登録,会員登録,0,0
1,5,16,22,reservation/reservationId,予約/予約ID,予約ID,予約ID,0,0
1,5,16,23,reservation/reservationTerms,予約/予約利用規約,利用規約,利用規約,0,0
1,5,16,25,reservation/totalCharge,予約/合計料金,合計料金,合計料金,0,0
1,5,16,26,reservation/userTerms,予約/個人情報規約,個人情報規約,個人情報規約,0,0
1,5,16,27,reservation/selectCalendarBtn,予約/カレンダーから日時を変更するボタン,カレンダーから日時を選択する,カレンダーから日時を選択する,0,0
1,5,16,28,reservation/option/notReserve,予約/オプション/予約しない,予約しない,予約しない,0,0
1,5,16,29,reservation/newUser,予約/会員登録する,会員登録する,会員登録する,0,0
1,5,16,30,reservation/nonUser,予約/会員登録しない,会員登録しない,会員登録しない,0,0
1,5,16,31,reservation/deadlineHour,予約/締切時間(利用開始日時基準),利用開始日時の {0}時間前,利用開始日時の {0}時間前,0,0
1,5,16,32,reservation/deadlineDay,予約/締切日(利用開始日時基準),利用開始日時の {0}日前 {1},利用開始日時の {0}日前 {1},0,0
1,5,16,33,reservation/deadlineHourTo,予約/締切時間(利用終了日時基準),利用終了日時の {0}時間前,利用終了日時の {0}時間前,0,0
1,5,16,34,reservation/deadlineDayTo,予約/締切日(利用終了日時基準),利用終了日時の {0}日前 {1},利用終了日時の {0}日前 {1},0,0
1,5,16,35,reservation/chargeBreakDown,予約/内訳,(内訳),(内訳),0,0
1,5,16,36,reservation/chargeBreakDown/name,予約/内訳（ヘッダー）/予約枠名,　,　,0,0
1,5,16,37,reservation/chargeBreakDown/charge,予約/内訳（ヘッダー）/単価,単価,単価,0,0
1,5,16,38,reservation/chargeBreakDown/number,予約/内訳（ヘッダー）/予約数,予約数,予約数,0,0
1,5,16,39,reservation/chargeBreakDown/totalCharge,予約/内訳（ヘッダー）/料金,料金,料金,0,0
1,5,17,1,reservationsMailAdd/message,予約オプトイン/メッセージ,"『利用規約』に同意のうえ、メールアドレスを登録してください。
登録後に届く自動返信メールに記載のURLから登録フォームへ進んでください。","『利用規約』に同意のうえ、メールアドレスを登録してください。
登録後に届く自動返信メールに記載のURLから登録フォームへ進んでください。",1,0
1,5,17,2,reservationsMailAdd/mail,予約オプトイン/メールアドレス,メールアドレス,メールアドレス,0,0
1,5,17,3,reservationsMailAdd/mailConfirm,予約オプトイン/メールアドレス（確認）,メールアドレス（確認）,メールアドレス（確認）,0,0
1,5,17,4,reservationsMailAdd/nextBtn,予約オプトイン/登録ボタン,登録する,登録する,0,0
1,5,17,5,reservationsMailAdd/finishMessage,予約オプトイン完了画面/メッセージ,"登録いただいたメールアドレスにメールをお送りしました。
メールに記載のURLから登録フォームに進んでください。","登録いただいたメールアドレスにメールをお送りしました。
メールに記載のURLから登録フォームに進んでください。",1,0
1,5,17,6,reservationsMailAdd/loginBtn,予約オプトイン/ログインボタン,既に会員の方はこちら,既に会員の方はこちら,0,0
1,5,18,1,reservationsAdd/backBtn,予約確認画面/戻るボタン,戻る,戻る,0,0
1,5,18,2,reservationsAdd/continuousBtn,予約確認画面/続けて予約ボタン,続けて予約,続けて予約,0,0
1,5,18,3,reservationsAdd/continuousTitle,予約確認画面/続けて予約タイトル,続けて予約でストック中,続けて予約でストック中,0,0
1,5,18,4,reservationsAdd/continuousDeleteAllBtn,予約確認画面/続けて予約取消ボタン,上記の予約を取消,上記の予約を取消,0,0
1,5,18,5,reservationsAdd/continuousDateTimeHeader,続けて予約確認画面/利用日時,利用日時,利用日時,0,0
1,5,18,6,reservationsAdd/continuousDeleteBtn,続けて予約確認画面/削除ボタン,削除,削除,0,0
1,5,18,7,reservationsAdd/continuousDetailBtn,続けて予約確認画面/詳細ボタン,詳細,詳細,0,0
1,5,18,8,reservationsAdd/continuousDetailHeader,続けて予約確認画面/詳細（ヘッダー名）,詳細,詳細,0,0
1,5,18,9,reservationsAdd/continuousEditBtn,続けて予約確認画面/編集ボタン,編集,編集,0,0
1,5,18,10,reservationsAdd/continuousErrorLine,続けて予約確認画面/行目,行目,行目,0,0
1,5,18,11,reservationsAdd/continuousEventHeader,続けて予約確認画面/予約枠名（ヘッダー名）,予約枠名,予約枠名,0,0
1,5,18,12,reservationsAdd/continuousNumberHeader,続けて予約確認画面/予約数（ヘッダー名）,予約数,予約数,0,0
1,5,18,13,reservationsAdd/finishBtn,予約/予約登録ボタン,予約を登録する,予約を登録する,0,0
1,5,18,14,reservationsAdd/finishMessage,予約完了画面/メッセージ,"予約を受け付けました。
登録いただいたメールアドレスに確認のメールをお送りしましたので、ご確認ください。
表示されている『予約ID』は、必ずメモか印刷をして保存してください。
メールが届かない場合は、問い合わせの際に『予約ID』をお知らせください。","予約を受け付けました。
登録いただいたメールアドレスに確認のメールをお送りしましたので、ご確認ください。
表示されている『予約ID』は、必ずメモか印刷をして保存してください。
メールが届かない場合は、問い合わせの際に『予約ID』をお知らせください。",1,0
1,5,18,15,reservationsAdd/loginBtn,予約/ログインボタン,ログインして予約する,ログインして予約する,0,0
1,5,18,16,reservationsAdd/loginDescription,予約/ログイン説明文,会員登録済みの方はログインして予約してください。,会員登録済みの方はログインして予約してください。,1,0
1,5,18,17,reservationsAdd/loginTitle,予約/ログインタイトル,ログイン,ログイン,0,0
1,5,19,1,reservationsEdit/stepTitle,予約画面/stepタイトル,予約編集,予約編集,0,0
1,5,19,2,reservationsEdit/step1,予約画面/step1,入力,入力,0,0
1,5,19,3,reservationsEdit/step2,予約画面/step2,確認,確認,0,0
1,5,19,4,reservationsEdit/step3,予約画面/step3,完了,完了,0,0
1,5,19,5,reservationsEdit/backBtn,予約編集確認画面/戻るボタン,戻る,戻る,0,0
1,5,19,6,reservationsEdit/finishBtn,予約編集確認画面/予約変更ボタン,予約を変更する,予約を変更する,0,0
1,5,19,7,reservationsEdit/finishMessage,予約編集完了画面/メッセージ,"予約の変更を受け付けました。
登録いただいたメールアドレスに確認のメールをお送りしましたので、ご確認ください。
表示されている『予約ID』は、必ずメモか印刷をして保存してください。
メールが届かない場合は、問い合わせの際に『予約ID』をお知らせください。","予約の変更を受け付けました。
登録いただいたメールアドレスに確認のメールをお送りしましたので、ご確認ください。
表示されている『予約ID』は、必ずメモか印刷をして保存してください。
メールが届かない場合は、問い合わせの際に『予約ID』をお知らせください。",1,0
1,5,20,1,reservationsHistory/detail,予約履歴/詳細（ヘッダー名）,詳細,詳細,0,0
1,5,20,2,reservationsHistory/detailBtn,予約履歴/詳細ボタン,詳細,詳細,0,0
1,5,20,3,reservationsHistory/eventName,予約履歴/予約枠名,予約枠名,予約枠名,0,0
1,5,20,4,reservationsHistory/noList,予約履歴/データなし,データがありません,データがありません,0,0
1,5,20,5,reservationsHistory/paymentStatus,予約履歴/決済状況,決済状況,決済状況,0,0
1,5,20,6,reservationsHistory/search,予約履歴/画面内ページタイトル,予約履歴の検索,予約履歴の検索,0,0
1,5,20,7,reservationsHistory/status,予約履歴/予約ステータス,予約ステータス,予約ステータス,0,0
1,5,20,8,reservationsHistory/usedatetime,予約履歴/利用日時,利用日時,利用日時,0,0
1,5,21,1,reservation/cancelDialog/message,予約/キャンセルダイアログのメッセージ,該当データをキャンセルします。よろしいでしょうか？,該当データをキャンセルします。よろしいでしょうか？,0,0
1,5,21,2,reservation/cancelDialog/title,予約/キャンセルダイアログのタイトル,キャンセル,キャンセル,0,0
1,5,21,3,reservationsCancelFinish/finishMessage,予約キャンセル/完了メッセージ,"予約のキャンセルを受け付けました。
登録いただいたメールアドレスに確認のメールをお送りしましたので、ご確認ください。
表示されている『予約ID』は、必ずメモか印刷をして保存してください。
 メールが届かない場合は、問い合わせの際に『予約ID』をお知らせください。","予約のキャンセルを受け付けました。
登録いただいたメールアドレスに確認のメールをお送りしましたので、ご確認ください。
表示されている『予約ID』は、必ずメモか印刷をして保存してください。
 メールが届かない場合は、問い合わせの際に『予約ID』をお知らせください。",1,0
1,5,22,1,reservationView/qrCode/title,予約詳細/QRコード/タイトル,QRコード,QRコード,0,0
1,5,22,2,reservationView/qrCode/description,予約詳細/QRコード/説明文,QRコードをかざしてください。,QRコードをかざしてください。,1,0
1,5,22,3,reservationView/qrCode/alt,予約詳細/QRコード/Alt,QRコード,QRコード,0,0
1,5,23,1,reservationView/remoteLockSetting,予約詳細/RemoteLOCK設定,RemoteLOCK設定,RemoteLOCK設定,0,0
1,5,23,2,reservationView/smartLockPin,予約詳細/PIN番号,PIN番号,PIN番号,0,0
1,5,23,3,reservationView/akerunSetting,予約詳細/Akerun設定,Akerun設定,Akerun設定,0,0
1,5,23,4,reservationView/smartLockKeyUrl,予約詳細/ロック解除URL,ロック解除URL,ロック解除URL,0,0
1,5,23,5,reservationView/universalAccessKey,予約詳細/カギ情報URL（ユニバーサルアクセスキー）,カギ情報URL（ユニバーサルアクセスキー）,カギ情報URL（ユニバーサルアクセスキー）,0,0
1,5,23,6,reservationView/universalAccessKey/description,予約詳細/カギ情報URL（ユニバーサルアクセスキー）/説明文,RemoteLOCKのカギ情報は上記URLにアクセスしてご確認ください。,RemoteLOCKのカギ情報は上記URLにアクセスしてご確認ください。,0,0
1,6,22,1,payment/cardInfo,決済入力/クレジットカード情報,クレジットカード情報,クレジットカード情報,0,0
1,6,22,2,payment/cardNo,決済入力/カード番号,カード番号,カード番号,0,0
1,6,22,3,payment/expire,決済入力/有効期限,有効期限,有効期限,0,0
1,6,22,4,payment/securityCode,決済入力/セキュリティコード,セキュリティコード,セキュリティコード,0,0
1,6,22,5,paymentLink/message,リンク型決済/メッセージ,決済画面へ自動的に切り替わります。切り替わらない場合は「決済情報の入力」ボタンを押してください。,決済画面へ自動的に切り替わります。切り替わらない場合は「決済情報の入力」ボタンを押してください。,1,0
1,6,22,6,paymentLink/paymentBtn,リンク型決済/決済ボタン,決済情報の入力,決済情報の入力,0,0
1,6,22,7,payment/name,決済入力/カード名義人,カード名義人,カード名義人,0,0
1,6,22,8,payment/kycInfo,決済入力/本人確認情報,本人確認情報,本人確認情報,0,0
1,6,22,9,payment/emailAddress,決済入力/メールアドレス,メールアドレス,メールアドレス,0,0
1,6,22,10,payment/phoneNumber,決済入力/電話番号,電話番号,電話番号,0,0
1,6,22,11,payment/phoneNumber/work,決済入力/電話番号/勤務先,勤務先,勤務先,0,0
1,6,22,12,payment/phoneNumber/home,決済入力/電話番号/自宅,自宅,自宅,0,0
1,6,22,13,payment/phoneNumber/mobile,決済入力/電話番号/携帯,携帯,携帯,0,0
1,6,22,14,payment/emailAddress/message,決済入力/メールアドレス/メッセージ,※電話番号もしくはメールアドレスを入力してください。,※電話番号もしくはメールアドレスを入力してください。,0,0
1,6,22,15,payment/phoneNumber/message,決済入力/電話番号/メッセージ,※勤務先、自宅、携帯のいずれかの電話番号もしくはメールアドレスを入力してください。,※勤務先、自宅、携帯のいずれかの電話番号もしくはメールアドレスを入力してください。,0,0
1,6,22,16,payment/sb/name/message,決済入力/SB/カード名義人/メッセージ,※クレジットカードに記載されている名義を、姓名の間に半角スペースをあけてご入力ください。例） TARO YOYAKU,※クレジットカードに記載されている名義を、姓名の間に半角スペースをあけてご入力ください。例） TARO YOYAKU,0,0
1,6,22,17,payment/sb/phoneNumber/message,決済入力/SB/電話番号/メッセージ,※電話番号もしくはメールアドレスを入力してください。,※電話番号もしくはメールアドレスを入力してください。,0,0
1,6,22,18,payment/sb/phoneNumber/placeholder,決済入力/SB/電話番号/プレースホルダー,09012341234,09012341234,0,0
1,6,22,19,payment/kycInfo/message,決済入力/本人確認情報/メッセージ,電話番号とメールアドレスはどちらか必須となります。どちらか一方は必ず入力してください。,電話番号とメールアドレスはどちらか必須となります。どちらか一方は必ず入力してください。,1,0
1,7,23,1,WAITING_CANCELLATION_RELEASE_SUCCESS,キャンセル待ち一覧/解除完了メッセージ,キャンセル待ち通知を解除しました。,キャンセル待ち通知を解除しました。,0,0
1,7,23,2,waitingCancellation/eventName,キャンセル待ち一覧/予約枠名（ヘッダー）,予約枠名,予約枠名,0,0
1,7,23,3,waitingCancellation/usageTimestamp,キャンセル待ち一覧/予約開始時間（ヘッダー）,予約開始時間,予約開始時間,0,0
1,7,23,4,waitingCancellation/dialog/message,キャンセル待ち一覧/メッセージ,キャンセル待ち通知を解除しますがよろしいですか？,キャンセル待ち通知を解除しますがよろしいですか？,0,0
1,7,23,5,waitingCancellation/dialog/title,キャンセル待ち一覧/ダイアログタイトル,キャンセル待ち通知解除,キャンセル待ち通知解除,0,0
1,7,23,6,waitingCancellation/noList,キャンセル待ち一覧/データなし,データはありません,データはありません,0,0
1,7,23,7,waitingCancellation/releaseBtn,キャンセル待ち一覧/解除ボタン,解除,解除,0,0
1,7,23,8,waitingCancellation/submitBtn,キャンセル待ち確認認証/送信ボタン,認証,認証,0,0
1,7,23,9,waitingCancellation/token/1,キャンセル待ち確認認証/メッセージ,キャンセル待ち登録時のメールアドレスをご入力下さい,キャンセル待ち登録時のメールアドレスをご入力下さい,1,0
1,7,23,10,waitingCancellation/mail,キャンセル待ち確認認証/メールアドレス,メールアドレス,メールアドレス,0,0
1,7,23,11,waitingCancellation/tokenFinish,キャンセル待ち確認認証完了画面/メッセージ,入力されたメールアドレスにキャンセル待ち確認ページのURLを送信しました。メールをご確認ください。,入力されたメールアドレスにキャンセル待ち確認ページのURLを送信しました。メールをご確認ください。,1,0
1,7,23,12,waitingCancellation/addBtn,キャンセル待ち登録/登録ボタン,登録する,登録する,0,0
1,7,23,13,waitingCancellation/finishMessage,キャンセル待ち登録/完了メッセージ,キャンセル待ち通知の登録が完了しました,キャンセル待ち通知の登録が完了しました,0,0
1,7,23,14,waitingCancellation/description,キャンセル待ち登録/注釈,※キャンセル等で予約可能となった際に、メール通知されます。,※キャンセル等で予約可能となった際に、メール通知されます。,0,0
1,7,23,15,waitingCancellation/closeButton,キャンセル待ち登録/閉じるボタン,閉じる,閉じる,0,0
1,8,24,1,guest/code,非会員ログイン認証/認証コード,認証コード,認証コード,0,0
1,8,24,2,guest/code/message,非会員ログイン認証/メッセージ,先ほど入力したアドレス宛に送られた認証コードを入力してください。,先ほど入力したアドレス宛に送られた認証コードを入力してください。,0,0
1,8,24,3,guest/codeBtn,非会員ログイン認証/認証ボタン,認証,認証,0,0
1,8,24,4,guest/login/message,非会員ログイン/メッセージ,予約登録時の予約IDとメールアドレスを入力してください。,予約登録時の予約IDとメールアドレスを入力してください。,0,0
1,8,24,5,guest/loginBtn,非会員ログイン/ログインボタン,次へ,次へ,0,0
1,8,24,6,guest/mail,非会員ログイン/メールアドレス,メールアドレス,メールアドレス,0,0
1,8,24,7,guest/reservationId,非会員ログイン/予約ID,予約ID,予約ID,0,0
1,9,25,1,inquiry/backBtn,お問い合わせ/戻るボタン,戻る,戻る,0,0
1,9,25,2,inquiry/contents,お問い合わせ/お問い合わせ内容,お問い合わせ内容,お問い合わせ内容,0,0
1,9,25,3,inquiry/finishBtn,お問い合わせ/送信ボタン,内容を送信する,内容を送信する,0,0
1,9,25,4,inquiry/finishMessage,お問い合わせ/完了画面メッセージ,お問い合わせの送信が完了しました,お問い合わせの送信が完了しました,1,0
1,9,25,5,inquiry/mail,お問い合わせ/メールアドレス,メールアドレス,メールアドレス,0,0
1,9,25,6,inquiry/mail_confirm,お問い合わせ/メールアドレス確認,メールアドレス（確認）,メールアドレス（確認）,0,0
1,9,25,7,inquiry/name,お問い合わせ/氏名,氏名,氏名,0,0
1,9,25,8,inquiry/nextBtn,お問い合わせ/確認するボタン,確認する,確認する,0,0
1,9,25,9,inquiry/phone,お問い合わせ/電話番号,電話番号,電話番号,0,0
1,9,25,10,inquiry/step1,お問い合わせ/step1,1.お問い合わせの入力,1.お問い合わせの入力,0,0
1,9,25,11,inquiry/step2,お問い合わせ/step2,2.お問い合わせの確認,2.お問い合わせの確認,0,0
1,9,25,12,inquiry/step3,お問い合わせ/step3,3.お問い合わせの完了,3.お問い合わせの完了,0,0
1,9,25,13,inquiry/stepTitle,お問い合わせ/stepタイトル,登録の流れ,登録の流れ,0,0
1,10,26,1,news/backBtn,お知らせ/戻るボタン,戻る,戻る,0,0
1,10,26,2,news/new,お知らせ/new,NEW,NEW,0,0
1,10,26,3,news/noList,お知らせ/データなし,お知らせはありません,お知らせはありません,0,0
1,10,26,4,news/title,お知らせ/タイトル,お知らせ,お知らせ,0,0
